FirstName,LastName,Email,ada,ada
Dukul 1,Howlader 1,dukul.howlader30@gmail.com,a1231,1313
Dukul 2,Howlader 2,dukul.howlader30@gmail.com,1313,131
Dukul 3,Howlader 3,dukul.howlader30@gmail.com,,
Dukul 4,Howlader 4,dukul.howlader30@gmail.com,,
Dukul 5,Howlader 5,,,
Dukul 6,Howlader 6,dukul.howlader30@gmail.com,,
Dukul 7,Howlader 7,,,
Dukul 8,Howlader 8,dukul.howlader30@gmail.com,,
Dukul 9,Howlader 9,dukul.howlader30@gmail.com,,
Dukul 10,Howlader 10,dukul.howlader30@gmail.com,,
Dukul 11,Howlader 11,dukul.howlader30@gmail.com,,
